{
   "INDIN.tau" : "",
   "Igun" : 0,
   "beamrate" : [ 0.33000000000000002, 0.33000000000000002, 0.34000000000000002 ],
   "innerR" : 0.029999999999999999,
   "outerR" : 0.070000000000000007,
   "tunnelR" : 0.074999999999999997,
   "vr" : [ 1000000.0, 1000000.0, 1000000.0 ]
}
